{"_timestamp":1.7396802602590184e+09,"_runtime":42.505653665,"_wandb":{"runtime":43},"_step":19,"Loss":0.07133956998586655}