{"Loss":0.030589470639824867,"_timestamp":1.739683726019413e+09,"_runtime":1060.612801834,"_step":373,"_wandb":{"runtime":1063}}